{"images":[{"size":"1024x1024","filename":"1024-mac.png","expected-size":"1024","idiom":"ios-marketing","folder":"Assets.xcassets/AppIcon.appiconset/","scale":"1x"},{"size":"128x128","expected-size":"128","filename":"128-mac.png","folder":"Assets.xcassets/AppIcon.appiconset/","idiom":"mac","scale":"1x"},{"size":"256x256","expected-size":"256","filename":"256-mac.png","folder":"Assets.xcassets/AppIcon.appiconset/","idiom":"mac","scale":"1x"},{"size":"128x128","expected-size":"256","filename":"256-mac.png","folder":"Assets.xcassets/AppIcon.appiconset/","idiom":"mac","scale":"2x"},{"size":"256x256","expected-size":"512","filename":"512-mac.png","folder":"Assets.xcassets/AppIcon.appiconset/","idiom":"mac","scale":"2x"},{"size":"32x32","expected-size":"32","filename":"32-mac.png","folder":"Assets.xcassets/AppIcon.appiconset/","idiom":"mac","scale":"1x"},{"size":"512x512","expected-size":"512","filename":"512-mac.png","folder":"Assets.xcassets/AppIcon.appiconset/","idiom":"mac","scale":"1x"},{"size":"16x16","expected-size":"16","filename":"16-mac.png","folder":"Assets.xcassets/AppIcon.appiconset/","idiom":"mac","scale":"1x"},{"size":"16x16","expected-size":"32","filename":"32-mac.png","folder":"Assets.xcassets/AppIcon.appiconset/","idiom":"mac","scale":"2x"},{"size":"32x32","expected-size":"64","filename":"64-mac.png","folder":"Assets.xcassets/AppIcon.appiconset/","idiom":"mac","scale":"2x"},{"size":"512x512","expected-size":"1024","filename":"1024-mac.png","folder":"Assets.xcassets/AppIcon.appiconset/","idiom":"mac","scale":"2x"}]}